{
    "data": [
        {
            "collection_name": "FormOverviewTable",
            "docs": [
                { "formId": 2, "formName": "Form 2", "createdBy": "User 2", "createdDate": "23/03/2023" },
                { "formId": 3, "formName": "Form 3", "createdBy": "User 3", "createdDate": "23/03/2023" },
                { "formId": 4, "formName": "Form 4", "createdBy": "User 4", "createdDate": "23/03/2023" },
                { "formId": 5, "formName": "Form 5", "createdBy": "User 5", "createdDate": "23/03/2023" },
                { "formId": 6, "formName": "Form 6", "createdBy": "User 6", "createdDate": "23/03/2023" },
                { "formId": 7, "formName": "Form 7", "createdBy": "User 7", "createdDate": "23/03/2023" },
                { "formId": 8, "formName": "Form 8", "createdBy": "User 8", "createdDate": "23/03/2023" },
                { "formId": 9, "formName": "Form 9", "createdBy": "User 9", "createdDate": "23/03/2023" },
                { "formId": 10, "formName": "Form 10", "createdBy": "User 10", "createdDate": "23/03/2023" },
                { "formId": 11, "formName": "Form 11", "createdBy": "User 11", "createdDate": "23/03/2023" },
                { "formId": 12, "formName": "Form 12", "createdBy": "User 12", "createdDate": "23/03/2023" },
                { "formId": 13, "formName": "Form 13", "createdBy": "User 13", "createdDate": "23/03/2023" }
            ]
        },
        {
            "collection_name": "DriveOverviewTable",
            "docs":[
                {
                    "name": "Drive XYZ",
                    "createdDate": "2022/11/02",
                    "formInfo":{
                        "name": "Form XYZ",
                        "createdDate": "2022/11/02"
                    }
                },
                {
                    "name": "Drive XYZ",
                    "createdDate": "2022/11/02",
                    "formInfo":{
                        "name": "Form XYZ",
                        "createdDate": "2022/11/02"
                    }
                }

            ]
        }
    ]
}