{
    "db_name": "app",
    "collection_count": 2,
    "collections":[
        {
            "collection_name": "FormOverviewTable",
            "document_count": 1,
            "documents": [
                { "formId": 1, "formName": "Form 1", "createdBy": "User 1", "createdDate": "23/03/2023" }
            ]
        },
        {
            "collection_name": "DriveOverviewTable",
            "document_count": 1,
            "documents": [
                {
                    "name": "Drive ABC",
                    "createdDate": "2022/11/02",
                    "formInfo": {
                        "name": "Form ABC",
                        "createdDate": "2022/11/02"
                    }
                }
            ]
        }
    ]

}