{
    "drives": [
        {
            "name": "Drive ABC",
            "createdDate": "2022/11/02",
            "formInfo": {
                "name": "Form ABC",
                "createdDate": "2022/11/02"
            }
        },
        {
            "name": "Drive XYZ",
            "createdDate": "2022/11/02",
            "formInfo": {
                "name": "Form XYZ",
                "createdDate": "2022/11/02"
            }
        },
        {
            "name": "Drive XYZ",
            "createdDate": "2022/11/02",
            "formInfo": {
                "name": "Form XYZ",
                "createdDate": "2022/11/02"
            }
        }
    ]
}