[
    { 
        "name": "API Name 1",
        "description": "API Description 1",
        "version": "1.0.0",
        "input": [
            {
                "name": "input1",
                "type": "string"
            },
            {
                "name": "input2",
                "type": "string"
            },
            {
                "name": "input3",
                "type": "int"
            },
            {
                "name": "input4",
                "type": "int"
            }
        ],
        "output": "Yes"
    },
    {
        "name": "API Name 2",
        "description": "API Description 2",
        "version": "1.0.0",
        "input": [
            {
                "name": "input1",
                "type": "string"
            },
            {
                "name": "input2",
                "type": "string"
            },
            {
                "name": "input3",
                "type": "int"
            },
            {
                "name": "input4",
                "type": "int"
            }
        ],
        "output": "Yes"
    },
    {
        "name": "API Name 3",
        "description": "API Description 3",
        "version": "1.0.0",
        "input": [
            {
                "name": "input1",
                "type": "string"
            },
            {
                "name": "input2",
                "type": "string"
            },
            {
                "name": "input3",
                "type": "int"
            },
            {
                "name": "input4",
                "type": "int"
            }
        ],
        "output": "Yes"
    },
    {
        "name": "API Name 4",
        "description": "API Description 4",
        "version": "1.0.0",
        "input": [
            {
                "name": "input1",
                "type": "string"
            },
            {
                "name": "input2",
                "type": "string"
            },
            {
                "name": "input3",
                "type": "int"
            },
            {
                "name": "input4",
                "type": "int"
            }
        ],
        "output": "Yes"
    },
    {
        "name": "API Name 5",
        "description": "API Description 5",
        "version": "1.0.0",
        "input": [
            {
                "name": "input1",
                "type": "string"
            },
            {
                "name": "input2",
                "type": "string"
            },
            {
                "name": "input3",
                "type": "int"
            },
            {
                "name": "input4",
                "type": "int"
            }
        ],
        "output": "Yes"
    }
]